{
  "FP32": {
    "accuracy": 85.24,
    "latency_ms": 0.24748869790679842,
    "latency_std": 0.004348847392347213,
    "param_kb": 1064.3515625
  },
  "FP16": {
    "accuracy": 85.23,
    "latency_ms": 9.939952083338236,
    "latency_std": 0.054614368698343,
    "param_kb": 532.17578125
  },
  "LNS16": {
    "accuracy": 85.25,
    "latency_ms": 4.5009742187554975,
    "latency_std": 0.01913125496131747,
    "param_kb": 1064.3515625
  }
}